sequence,label
MLGTHTMEV,1
ARGPESRLL,1
VIGMDVAASEFFRSGKYDLD,0
VLYPRVVRR,1
RIDITLSSV,1
MEVDPIGHLY,1
QLLDQVEQI,0
NYNNFYRFL,1
RRFFPYYV,0
SSDYVIPIGTY,1
TVSGNILTIR,1
ELFQDLSQL,1
YLSGADLNL,1
VLLALLMAGL,1
REEVFDERAANFENH,0
PGGQSLKLVVPDSTQNL,0
SACDVSVRVV,1
MTPMRKINP,0
GLFGDIYLAI,1
ELVRRILSR,1
SLADTNSLA,1
FLHHLIAEI,1
EGDCAPEEK,1
IQNLERGYR,1
AYRPVSRNI,1
RTKQLYPEW,1
ESLFRAVITK,1
WLPFGFILI,1
VYDYNCHVDL,1
YLAMPFATPME,1
TMNGSKSPV,1
IALNFPGSQK,1
ILDDIGHGV,1
NYSVRYRPGL,1
EYYLQNAFL,1
LVALLACLTV,0
YGYDNVKEY,0
ALSGLAVRL,0
KQNSAFINDEKNGADGK,0
RIAAWMATYL,1
ALLGIPLNV,0
LEKQLIEL,0
NPKAFFSVL,0
RLFAFVRFT,1
MSDRPTARRWGKCGPLCTRE,0
TYLEKAIKI,0
LMAGCIQEA,1
VAELVHFLL,1
KARDPHSGHFV,1
GVVSHSFPATLETQE,0
LLAILPYYV,0
AAANIIRTL,0
FMFGQKLNV,1
LLLLTVLTV,1
GLGPVAAV,0
SLDDYNHLV,1
SILLRDAGL,1
EYLQLVFGI,1
LLRRYNVAKV,1
QGQHFLQKV,1
LLGRNSFEV,1
RLMKQDFSV,1
TPRLPSSADVEF,1
DLDVKKMPL,0
LLLLDVAPL,1
SLFRAVITK,1
FLFFSQIGSL,0
NLFETPVEA,1
GLMKYIGEV,1
TLLRKERGV,1
FLLRWEQEI,1
APLLRWVL,1
QVFPGLLERV,0
RPLYSRRLPKGVKHLKDFPILPGEI,0
AMAGSPVFL,0
RLHDLVLPL,0
EYRGFTQDF,1
AMLGTHTMEV,1
KVFRGNKVK,1
HLYQGCQVV,1
GWYTYMLVPAALTGL,0
RAVSEHQLL,1
SIIGRLLEV,0
PLLENVISK,1
DSWMEEVIKLCGREL,0
VLDTSVAYV,0
ALSYTPVEV,0
VGLIRNLAL,1
YTCPLCRAPV,1
LLFGLALIEV,1
DGKKRKRSRKESYSV,0
SLEENIVIL,1
SLLGLALLAV,0
KMVELVHFL,1
TKAQKKDGKKRKRSR,0
AAAAAIFVI,0
ALCRWGLLL,1
PEPAKSAPAPKKGSK,0
LNEEERLIRHLFQEKGYNKE,0
NIGDEALIGRW,1
KLYEEPLLK,1
LIAHNQVRQV,1
GLLAIVKV,0
EEDLKQLLALKGSSY,0
KQVHPDTGISSKAMG,0
QFQSIYAKF,1
GAAPLILSR,1
YTDFVGEGL,0
EPVSGSFTTALDGPS,0
KTPPNPKHA,1
SQRFSKIASNTQSR,0
WRISGKWTSLNFNRT,0
RIIYDRKFL,1
ALLWLSCSI,0
QSLEIISRY,1
GDMLLLWGRLTWRKM,0
EKSVEAAAELSAKDLKEKKE,0
KTVNELQNL,1
RLPERMTTL,1
KTWGQYWQV,1
SSKSQTEVPK,0
LPAVVGLSPGEQEY,1
VPLDCVLYRY,1
KKRPKPGGWNTGGS,0
RPHVPESAF,1
SYNEHWNYL,0
DYLRSVLEDF,1
RLQGISPKI,1
FLFMYLVTV,0
FLRNQPLTFA,1
DVRIWPLDPSLLGEP,0
IEIGLEGKGFEPTLEALFGK,0
TLMKKDKYTL,1
AFKEVKLSDYKG,0
QPSPLRVLLGTSLTIP,0
VIMPCSWWV,0
MAASGKTSKSEPNHVIFKKI,0
RVRFFFPSL,1
LLAGTLAGV,0
KTLTSVFQK,1
QLLHDKGKSI,1
FLWGPRALV,1
DFMIQGGDF,1
AVGSHVYSV,0
SLDPTTSPV,0
KLKLPMIMK,0
ATLPLLCAR,1
RLYPWGVVEV,1
VLFAAFSSA,0
LLLDDLLVSI,1
VLLGVKLSGV,0
RYLTQETNKV,1
LYQAVATI,1
ILDSSEEDK,1
KELEGILLL,1
AWISKPPGV,1
YSWMDISCWI,1
LYVDSLFFL,1
MLLSKINSL,0
AYDFLYNYL,1
RINEFSISSF,0
TYACFVSNL,1
KIFSEVTLK,1
SQKTYQGSY,1
ALLAGLVSL,1
ITKKVADLVGF,0
MPFATPMEAEL,1
KDILEDRRGQVDTYC,0
ILGGQVVHTV,0
SLGSPVLGL,1
QLSLLMWITQCFL,1
VCPFAGILENGAVRYTTFEY,0
FVFLRNFSL,1
FLIASVTWL,0
RVAALARDA,1
FLNDLLSVM,0
YLNKEIEEA,0
SYTRLFLIL,1
MVYDLYKTL,1
VMAPRTLVL,0
KACDPHSGHFV,1
ALLMAGLAL,1
TINPQVSKT,1
RNQEERLLADLMQNYDPNLR,0
DLLSHAFFA,1
ISPALEPMTTLLSYE,0
VTEPGTAQY,1
LPRWPPPQL,1
RLLQETELV,1
NLVKQKPQI,1
ILIVMVPFL,0
RLQQLVLDPGFLGLEPLLDL,0
KDLLEQKRGRVDNYC,0
QNLKNNSKVFNDKLPNN,0
RFLDRYFYHQEEYVR,0
FATPMEAELAR,1
TKHTNLKHGKTAASKRK,0
KLQELNYNL,1
TYLPTNASL,1
HSTNGVTRIY,1
LVMPFSIVYI,0
LVALLVCLTV,0
LLQAEAPRL,1
QRPYGYDQIM,1
LVHFLLLKY,1
KINKNPKYK,1
GFKQSSKAL,1
LLFGMTPCL,0
KLPLDINPV,0
KTLTSVFQKK,1
FLALIICNA,1
TLSKPSPMPV,0
GSKKAVTKAQKKDGK,0
KCDICTDEY,0
KPRQSSPQL,0
SFKHSFAYTL,1
KLTGDENFTI,1
GVYDGREHTV,1
QSSAVMALQEASEAY,0
YLWWVNNQSL,1
GPKGQTGEPGIAGFKGEQGPK,0
YIFLGNLAL,0
LLQDWHVIL,1
FLGIYTVTV,0
AMSNLVPPV,0
KTCPVQLWV,1
KVHPVIWSL,1
QEAPDVVAFV,1
GDTRPRFLWQLKFECHFFNG,0
EYSRRHPQL,1
SPRWWPTCL,1
ERRLFNLDVPESRR,0
QLFNHTMFI,0
LLFPYILPPKA,0
VLVSRIAAWM,1
KIWEELSVL,1
YMVLASPSV,0
VLEPPGARDV,1
LIIPCIHLI,0
ILEQSGEWWK,1
RSCGLFQKL,1
YLQGQRLDNV,0
YVNELVVFV,0
SLAMLDLLHV,1
CLLWSFQTSA,1
ATQIPSYKK,1
VMAPRTVLL,0
RYQLDPKFI,1
VMRIINEPTAAAIAY,0
RIIPRHLQL,0
FMLYLVTLM,0
AKYLMELTML,1
ELTLGEFLK,0
LHHAFVDSIF,1
YLQHNEIQEV,1
LNIYEKDDKL,0
YIGEVLVSV,0
KASEKIFYV,1
LVDVMPWLQY,1
VVMSWAPPV,1
DYLQYVLQI,0
VVGACGVGK,1
GLLFLHTRT,1
IIYDRKFLM,1
TLDSQVMSL,1
SLYKFSPFPL,1
PLFDFSWLSL,1
YLDELIKNT,0
QLMAFNHLI,1
EYLSLSDKI,1
DSDPDSFQDY,1
YSLKLIKRL,0
APGSVLPRAL,0
RSRRVLYPR,1
ILAKFLHWL,0
AIDELKECF,1
WLSLKTLLSL,1
ALLTYMIAHI,1
NLNRCSVPV,0
GHWGAWMPSSISAFEGTCVSI,0
VSHSFPHPLY,1
LLAGPPGV,0
SLLEQAIAL,0
FITGISILL,0
FLTPKKLQCV,1
DYSARWNEI,1
IMPGQEAGL,1
KLSEQESLL,1
SLMSWSAIL,0
RIAECILGM,1
SSKALQRPV,1
ILTGLNYEA,0
EQNMIGMTPTVIAVHY,0
AGYLMELCC,1
SLAPLSPRA,0
YLLKPVQRI,0
ALSVMGVYV,1
VRSRRCLRL,0
FSFPLDFLV,0
AEEAAGIGILT,1
YLLDLSTNHL,1
ALWMRLLPL,0
QLSSGVSEIRH,0
EAFIQPITR,1
KEFTVSGNILTI,1
GLPPDVQRV,1
LLALLMAGL,1
LLDVAPLSL,1
NYDANKTGL,1
RLQEDPPAGV,1
EYILSLEEL,1
QMRRISLFSCLKDRHDFGFP,0
SEHETRLVAKLFKD,0
YAIDLPVSV,1
NLMDGDLGL,0
VLDGLDVLL,1
IPQQHTQVL,1
KDFLEDRRALVDTYC,0
FIDKFTPPV,0
VMAGVGSPYV,1
VRIGHLYIL,1
EVISCKLIKR,1
FILPVLGAV,0
GTWYLKAMTVDREFPE,0
FLEGNEVGKTY,1
LLGCPVPLGV,0
QFQSIYAKFF,1
LLTTLSNRV,0
MSSKYPRSVRRCLPL,0
NLFSQDISV,0
ILGELREKV,1
GMGPLLATV,0
VISNDVCAQV,0
FLLKLTPLL,0
EISFKLGQEF,0
ISGGPRISY,1
SHETVIIEL,1
LLLLSILHPSRPGGV,0
AELLNIPFLY,0
AYAQHVFRSF,1
LLYKLADLI,1
ALIGGPPV,0
AAAGFLFCV,0
DYPSLSATDI,1
TTINYTLWR,1
ALQPGTALL,1
VLSDPRKREIFDRYG,0
STDHPKYSDMIVAAIQAEKNR,0
RLQEERTCKV,1
LLDGTATLRL,1
GADGVGKSA,1
SVGSVLLTV,0
TAMDLFVTV,0
NLFNRYPAL,0
LMVLMLAAL,1
ALSPVPPVV,1
HLAVIGALL,1
DNKKTRIIPRHLQLA,0
ILLRDAGLV,1
RLAEYQAYI,1
SLFEGIDIYT,1
ITKKVADLVGF,1
FLNVFFPLL,0
LLAAVAALL,0
IMPKAGLLIIV,1
STAPPAHGV,1
HACWPAFTV,1
RYCNLEGPPI,1
CTACRWKKACQR,1
LLILRAIPKGIRDKGAK,0
KLMPPDRTAV,0
SGQRSLVQDSLSTNSSD,0
MVKISGGPR,1
AFLRHAAL,1
SVYDFFVWL,1
AEEAAGIGIL,1
PLFQVPEPV,1
SAFPTTINF,1
FVWLHYYSV,1
VPYGSFKHV,1
MALWMRLLPLLALLAL,0
FATPMEAEL,1
VEPKVKSKKREAVAGRGRGRGRGRGRGRGRGRGGPRR,0
SLLWMNPFV,0
SQIEADFRLNDSHKHKD,0
FRSGLDSYV,1
KGSGKMKTE,1
RTTEINFKV,0
ILHNGAYSL,1
NIKMHCEFHA,1
CMTWNQMNL,1
FVEHDLYCTL,1
KLAKPLPYT,0
FLPWHRLFLL,1
NYARTEDFF,1
GLFGDIYLA,1
PLTSIISAV,1
ILDKLNWDL,0
KLLGPHVEGL,1
LLLLLPPRV,0
KYLKLSSSEL,1
ALAGLSPV,0
GLYDGMEHL,1
RWGLLLALL,1
TLHCDCEIL,1
LIYDSSLCDL,1
FVYVFTTHL,0
FLIIWQNTM,1
IMIGVLVGV,1
AGYLMELCMA,1
NYKRCFPVI,1
FLLFSLGWV,1
LLAARAIVAI,1
REPVTKAEML,1
NLVRDDGSAV,1
DEVVCEIETDKTSV,0
VKEGHSPPDDVDIVI,0
ALTPVVVTL,1
WLQYFPNPV,1
HQLGGVVEV,0
ALNFPGSQK,1
VFLPCDSWNL,1
CVDDSQDYYV,1
EEKLIVVLF,1
LIYRRRLMK,1
ALAAALVV,0
SLYSFPEPEA,1
GRKPPLLKK,0
EEVRKLKARVDELER,0
QLPVEEPNP,1
AANIRALNVPPSLDCRY,0
LYPELIASI,0
KVAELVHFL,1
SVASTITGV,1
SNDGPTLI,1
LLNQLQVNL,1
LAMPFATPM,1
RPKSNIVLL,0
AEALQRPVA,1
GLAPPQHLIRV,1
TLATIAWMV,0
FPSDSWCYF,1
MCQWGRLWQL,1
LRKGNYAERVGAGAP,0
YLQLVFGIEV,1
YQLCLTNIF,1
YTDFHCQYV,1
NMQDLVEDL,0
LLFALYFSA,0
AARAVFLAL,1
GLKAGVIAV,1
FLNQTDETL,1
MLLAVLYCL,1
SESLKMIF,1
YSWRINGIPQQHTQV,0
PLADLSPFA,1
AYVPQQAWI,1
QLLNSVLTL,0
RRYQKSTEL,0
GQFRVIGPRHPIRALVGDEVEL,0
SPQNSIRHNL,1
FLGMESCGI,0
LLGATCMFV,1
LIADFLSGL,1
YLAEADLSYT,1
ANDPIFVVL,1
CYMEAVAL,1
LLSHGAVIEV,1
LTYVSFRNL,1
YTDFVGEGL,1
VVLGVVFGI,1
RMPEAAPPV,1
TLDWLLQTPK,1
LLSAVLPSV,0
ALYVDSLFFL,1
VYFFLPDHL,1
ILSLELMKL,1
SEIWRDIDF,1
RLQEWCSVI,1
LLFSFAQAV,0
RALAETSYV,1
LQTNPKSSLTLNNIET,0
LAALPHSCL,1
FMLLTQARL,0
FMNKFIYEI,1
SSSGLHPPK,0
VQYLGMLPV,0
GVLLKEFTVSGN,0
YLNTVQPTCV,1
KLMNIQQQL,0
YVTAMDLFV,0
SPTSSRTSSL,0
QLCPICRAPV,1
GQFRVIGPRHPIRALVGDEV,0
VLAGVGFFI,1
AEALQRPV,1
ALWPWLLMAT,1
LTDDRLFTCY,1
LGKNEEGAPQEGILE,0
QQHFSVAQVFLNNYD,0
YLPFRNCPR,1
RLASFYDWPL,1
RMAAISNTV,0
RLARLALVL,1
EADPIGHLY,1
GLGLPKLYL,1
GFRTVIRPF,1
KLFEFLVHGV,0
SPATWTTRGFVFTRH,0
DQYPYLKSV,0
SADVEFCLSL,1
LLDLPRDLGGMGCSSPPCE,0
KLLMVLMLA,0
GLMAIAWFI,0
VYAETKHFL,1
GVLLWEIFSL,1
WQYFFPVIF,1
VLPDVFIRC,1
FIDSYICQV,0
PLLLLLLSLPPRA,0
IMNDMPIYM,1
NGHATDLWQNCSTSSSGNVH,0
RWPSCQKKF,1
YRPRPRRY,1
GLYDGMEHL,0
ASGPGGGAPR,1
MLPLECQYL,1
DIMRVNVDKVLERDQKL,0
MLKLIVPTI,0
LLFGLALIEV,0
LLLNMLIAL,0
AKYLMELTM,1
FLWGPRAYA,1
SLLLLPVSV,0
KLFGTSGQKT,1
LVQENYLEY,1
NSVIIVDKNGRLV,0
ALIHHNTHL,0
ILNAMITKI,0
MLLKQDVSL,0
LMAQEALAFL,1
KCDICTDEY,1
VLVKSPNHV,1
YMEHNNVYTV,1
IISAVVGIL,1
SLADTNSLAV,1
MPPPRLLFFLLFLTP,0
SSRSYVTTSTRTYSLGSAL,0
FAWERVRGL,1
YLEPGPVTA,1
VYDFFVWLHY,1
KQSSKALQR,1
RAYLEGLCV,0
ALMDKSLHV,1
ALVEFEDVL,1
FLPDLNANA,0
CILGKLFTK,1
ELLIRKLPF,1
SAWISKPPGV,1
RLMKHYPGI,0
LMVLHSPSL,0
APRGVRMAV,1
KLSHQPVLL,0
LLGDFFRKSKEKIGKEFKRIVQRIKDFLRNLVPRTES,0
LPSQAFEYILYNKG,0
LVFGIELMEV,1
FLMASISSS,0
EAAGIGILTV,0
ALIHHNTHL,1
KIMDQVQQA,1
LLRDAGLVKM,1
LLGPGRPYR,1
ILLVVVLGV,1
YMIMVKCWMI,1
SFAYTLNFIL,1
FLKLDRERA,1
MAKILVAEGTRDVPI,0
RMFPNAPYL,1
GDTRPRFLEYSTSECHFFN,0
ALAVLSVTL,0
ILDTAGREEY,1
QVLLAQAEAEKIRK,0
EADPTGHSY,1
SYLDSGIHF,1
VFHFMQSLALLMSPV,0
YMSTTIIAA,0
GLSPNLNRFL,1
VSNDGPTLI,1
YMDGTMSQV,1
MRISKPHLRSISIQC,0
VVVGAVGVG,1
KAMVALIDVFHQYSGREGDK,0
TLFTIVGTV,0
VVQNFAKEFV,1
FLYNPLTRV,0
ASLDSDPWV,1
TYSPALNKMF,1
RRRWHRWRL,0
EYRALQLHL,1
SRDSRGKPGY,0
TLLLEGVMAA,0
LLLGIGILV,1
RLARLALVL,0
MFNNCEVVL,1
MLTNSCVKL,1
YLNRHLHTWI,1
HLSTAFARV,1
TLPPAWQPFL,1
SVLENFTILL,0
RLDFNLIRV,1
ALVSIIKV,0
TPSYVAFTDTERLIG,0
RLMDSSIYS,0
FLTGNQLAV,1
HIAKSPFEV,0
TLSGHSQEV,0
KMYAFTLESV,0
FFYFFTGSSQLEFDP,0
FMVELVEGA,1
VLQELNVTV,1
TKDTYDALHMQALPP,0
ALGGHPLLGV,1
STAPPVHNV,1
ALAAFLGL,0
YTDFHCQYVK,1
TFEDHFLSL,1
MAVPPCCIGV,0
LLGPTVML,0
SLPGGTAS,0
TLDLNTPVDKTSN,0
RLTRFLSRV,1
FVNQHLCGSHLVEAL,0
SEIWRDID,1
ILAKFLHWL,1
RLVDDFLLV,1
DWPFCSDEDWNYKCP,0
VLRENTSPK,1
AILALLPAL,1
YQGSYGFRL,1
AILALLPALL,1
ELVSEFSRM,1
VLHHNVITL,0
TLAPATEPA,1
AGYLMELCM,1
PASKKTDPQK,1
MLAVISCAV,1
NSQPVWLCL,1
MLMPVHFLL,0
EYSKECLKEF,1
KLQVFLIVL,0
MVIGIPVYV,0
VLYRYGSFSV,1
LLSIISFPA,0
LPKPPKPVSKMRMATPLLMQALPM,0
SLWGGDVVL,0
LLLVSLWGL,0
SSPGCQPPA,1
YLYDRLLRI,0
DGSVRWQPPGIYRSSCSIQV,0
ALPPPLMLL,1
QMRPVSRVL,0
MTQGQHFLQKV,1
LLLGPLGPL,1
YVDPVITSI,1
KVLEYVIKV,1
YLDLFGDPSV,0
VMAPRTLFL,0
YLVPQQGFFC,1
VVLSWAPPV,0
LLAMKVPNV,0
ALWPWLLMA,1
ILLWQPIPV,1
GIGILTVIL,1
SPRPPLGSSL,0
TLEEITGYLY,1
SLVDVMPWL,1
LAAQERRVPR,1
KAQVSNEDCL,1
KEADPTGHSY,1
FTWEGLYNV,0
LLWRKLLWHQV,0
AEPINIQTW,1
IMLEALERV,0
YKAFSSLLASSAVSPE,0
KMVAVFYTT,0
GIHKQKEKSR,1
VYGFVRACL,1
CILGKLFTKK,1
KLSELHAYI,0
GFDCANESVL,1
FIDQYYSSI,0
YTMKEVLFY,0
LNVLRIINEPTAAAI,0
GYDQIMPKK,1
RLWEPLRVV,0
YYWPRPRRY,1
AYTKKAPQL,1
VLNYFEPYL,0
RALAKLLPL,0
KECVLRDDL,0
GPNICTTRGVSSCQQ,0
YYIMFGPDI,1
IMLCLIAAV,1
GLIQLVEGV,1
EMAVFGAAAPYLRKS,0
MIISHLSLI,0
ILQAHLHSL,0
DYVREHKDNI,1
QLSLLMWIT,1
TMKQEFLINL,1
LVFGIEVVEV,1
KLDVGNAEV,1
KIQEILTQV,0
YMNGTMSQV,1
AIYKQSQHM,1
VLHWDPETV,1
WLPKILGEV,1
YLAMPFATPMEAELARRSLA,1
KTPFVSPLL,1
FMNKFIYEI,0
DLIFGLNAL,1
ILNVDVFTL,0
HYTNASDGL,1
LYATVIHDI,1
PLPPARNGGL,1
NLLEREFGA,0
AELVHFLLL,1
LLLEAVPAV,1
LLDRFLATV,1
WATLPLLCAR,1
ITDQVPFSV,1
SLADEAEVYL,1
GLVGVNLTL,0
GLASFKSFLK,1
KYIQESQAL,1
KILDAVVAQK,1
YLLFMIGYA,0
VLGEAWRDQV,1
VLPDVFIRCV,1
EVAPDAKSF,0
YLNDHLEPWI,1
YLLPAIVHI,0
YVDFREYEYY,1
YTMKEVLFYL,1
MPFATPMEA,1
RTYWIIIEL,0
KIFGSLAFL,1
ALISKNPV,0
WMHHNMDLV,0
CQLAKTCPV,1
KLCKVRKITV,0
VIQNLERGYR,1
ILDKKVEKV,0
YLMDTSGKV,1
LSGLKRASASSLRSI,0
FLGEGHHRV,0
MKLNFSLRLRI,0
LLCYSCKAQV,1
GADGVGKSAL,1
SASVQRADTSL,0
QLQGYCASL,1
SLLMWITQCFL,1
LLLAGLFSL,1
CLYGNVEKV,1
LLLELAGVTHV,0
TMSSSHLFYL,0
SESIKKKVL,1
LMLQNALTTM,1
LLLPALAGA,0
FLRNFSLML,1
ETILTFHAF,0
NVLHFFNAPL,1
AVLPLLELV,1
QHLQKDYRAYYTF,0
KLFGVLRLK,1
FLYDDNQRV,1
KYDCFLHPF,1
FLYTLLREV,1
EEYLQAFTY,0
DAEKSDICTDEY,1
APPRLICDSRVLERY,0
SPSSNRIRNT,1
AYIDFEMKI,1
SSQVEPGTDRKSTG,0
LLAGLVSLL,1
APLQRSQSL,0
MKWVESIFL,1
CLTSTVQLV,1
