length,count
2,492
3,660
4,249
5,1091
6,1137
7,887
8,1055
9,1995
10,1436
11,1017
12,1487
13,1898
14,1092
15,1888
16,973
17,1114
18,1309
19,990
20,2279
21,1021
22,913
23,898
24,1118
25,1042
26,891
27,712
28,745
29,811
30,851
31,647
32,611
33,725
34,687
35,797
36,800
37,871
38,674
39,587
40,548
41,457
42,469
43,575
44,560
45,398
46,438
47,380
48,324
49,312
50,310
51,234
52,111
53,139
54,100
55,145
56,132
57,155
58,164
59,161
60,192
61,275
62,226
63,299
64,228
65,188
66,334
67,195
68,176
69,241
70,296
71,305
72,245
73,197
74,246
75,240
76,253
77,190
78,239
79,170
80,181
81,177
82,133
83,138
84,180
85,105
86,153
87,161
88,143
89,116
90,148
91,127
92,144
93,179
94,133
95,147
96,121
97,112
98,108
99,111
100,108
101,87
102,96
103,103
104,77
105,80
106,78
107,81
108,91
109,70
110,83
111,86
112,85
113,95
114,90
115,88
116,81
117,103
118,95
119,86
120,91
121,113
122,105
123,86
124,89
125,90
126,73
127,86
128,80
129,79
130,99
131,86
132,84
133,82
134,83
135,77
136,69
137,76
138,80
139,98
140,101
141,63
142,85
143,78
144,72
145,92
146,95
147,107
148,105
149,77
150,103
151,106
152,102
153,100
154,102
155,91
156,94
157,90
158,85
159,79
160,89
161,103
162,83
163,88
164,84
165,86
166,102
167,86
168,84
169,86
170,98
171,74
172,83
173,102
174,118
175,93
176,104
177,96
178,127
179,147
180,167
181,3
182,8
183,4
184,6
185,7
186,7
187,4
188,5
189,4
190,11
191,3
192,2
193,4
194,5
195,8
196,7
197,7
198,6
199,4
200,7
201,9
202,4
203,6
204,13
205,3
206,7
207,6
208,7
209,3
210,5
211,9
212,8
213,10
214,5
215,3
216,6
217,12
218,6
219,10
220,4
221,8
222,9
223,7
224,6
225,7
226,7
227,5
228,6
229,8
230,4
231,4
232,6
233,4
234,9
235,6
236,5
237,4
238,5
239,5
240,6
241,9
242,7
243,4
244,7
245,4
246,4
247,8
248,9
249,6
250,8
251,10
252,7
253,8
254,7
