task,n_seeds,accuracy_mean,accuracy_sd,auc_mean,auc_sd,pr_auc_mean,pr_auc_sd,mcc_mean,mcc_sd
ACE_inhibitory,5,0.7839,0.0112,0.86,0.0156,0.8586,0.0175,0.5702,0.0226
AntiMRSA,5,0.9909,0.0023,0.987,0.0087,0.9797,0.007,0.9646,0.0088
Anti_parasitic,5,0.6783,0.0313,0.8179,0.0632,0.8471,0.0402,0.4224,0.0616
Antibacterial,5,0.9452,0.003,0.9729,0.0018,0.9724,0.004,0.8906,0.0061
Anticancer,5,0.736,0.0126,0.8149,0.0124,0.8212,0.0185,0.4766,0.0253
Anticancer_alt,5,0.9289,0.007,0.9681,0.0066,0.9693,0.0097,0.8582,0.014
Antifungal,5,0.9437,0.0045,0.9891,0.0022,0.9904,0.0015,0.8878,0.0092
Antimalarial,5,0.9736,0.0027,0.9162,0.0165,0.805,0.0145,0.7498,0.0284
Antimalarial_alt,5,0.9792,0.0033,0.9969,0.0018,0.9876,0.0057,0.9257,0.0122
Antimicrobial,5,0.9703,0.0031,0.9812,0.0027,0.9528,0.0191,0.9283,0.0069
Antioxidant,5,0.7509,0.0131,0.8297,0.0053,0.816,0.0059,0.5083,0.0224
Antiviral,5,0.84,0.0087,0.9155,0.0046,0.92,0.0077,0.681,0.0183
BBP,5,0.8053,0.0399,0.9252,0.0293,0.9353,0.0205,0.6375,0.0684
Bitter,5,0.8797,0.0131,0.9596,0.0019,0.9623,0.0028,0.7639,0.0284
DPPIV_inhibitory,5,0.8586,0.0132,0.9464,0.0055,0.9431,0.0112,0.7195,0.0291
NeuroPred,5,0.8872,0.0051,0.9494,0.0033,0.9522,0.0035,0.7759,0.0086
Quorum_sensing,5,0.9,0.0354,0.983,0.0091,0.9842,0.0082,0.8016,0.0707
Signal_peptide,5,0.993,0.0012,0.9991,0.0007,0.9986,0.0012,0.986,0.0025
TTCA,5,0.7401,0.0231,0.7957,0.0194,0.8603,0.0154,0.4337,0.0491
Toxicity,5,0.9248,0.0029,0.9614,0.0047,0.9544,0.0077,0.8492,0.006
Umami,5,0.8517,0.0146,0.9273,0.0089,0.8488,0.0234,0.6522,0.0305
