task,metric,MTL,single_task,delta_MTL_minus_single
ACE_inhibitory,auc,0.8577,0.8595,-0.0018
ACE_inhibitory,mcc,0.5568,0.5835,-0.0266
ACE_inhibitory,accuracy,0.7772,0.7902,-0.013
AntiMRSA,auc,0.9964,0.9982,-0.0018
AntiMRSA,mcc,0.9607,0.9421,0.0187
AntiMRSA,accuracy,0.9899,0.9849,0.005
Anti_parasitic,auc,0.8575,0.7885,0.069
Anti_parasitic,mcc,0.4403,0.5131,-0.0729
Anti_parasitic,accuracy,0.6848,0.7283,-0.0435
Antibacterial,auc,0.971,0.9714,-0.0004
Antibacterial,mcc,0.893,0.8946,-0.0015
Antibacterial,accuracy,0.9463,0.9469,-0.0006
Anticancer,auc,0.8191,0.7923,0.0268
Anticancer,mcc,0.4779,0.449,0.029
Anticancer,accuracy,0.7384,0.7238,0.0145
Anticancer_alt,auc,0.9596,0.9669,-0.0073
Anticancer_alt,mcc,0.8564,0.8411,0.0153
Anticancer_alt,accuracy,0.9278,0.9201,0.0077
Antifungal,auc,0.9878,0.9764,0.0114
Antifungal,mcc,0.8935,0.8605,0.033
Antifungal,accuracy,0.9465,0.9302,0.0163
Antimalarial,auc,0.9343,0.8947,0.0396
Antimalarial,mcc,0.7523,0.7481,0.0042
Antimalarial,accuracy,0.9736,0.9736,0.0
Antimalarial_alt,auc,0.9974,0.9899,0.0074
Antimalarial_alt,mcc,0.9124,0.9566,-0.0442
Antimalarial_alt,accuracy,0.9755,0.9877,-0.0123
Antimicrobial,auc,0.9793,0.9758,0.0035
Antimicrobial,mcc,0.9181,0.9343,-0.0161
Antimicrobial,accuracy,0.9657,0.9731,-0.0074
Antioxidant,auc,0.8367,0.8415,-0.0048
Antioxidant,mcc,0.5298,0.4767,0.0531
Antioxidant,accuracy,0.7651,0.7224,0.0427
Antiviral,auc,0.9107,0.8896,0.0211
Antiviral,mcc,0.679,0.6445,0.0345
Antiviral,accuracy,0.8395,0.8202,0.0193
BBP,auc,0.903,0.9474,-0.0443
BBP,mcc,0.7462,0.7939,-0.0477
BBP,accuracy,0.8684,0.8947,-0.0263
Bitter,auc,0.959,0.9783,-0.0193
Bitter,mcc,0.7366,0.829,-0.0924
Bitter,accuracy,0.8672,0.9141,-0.0469
DPPIV_inhibitory,auc,0.9405,0.9222,0.0183
DPPIV_inhibitory,mcc,0.6917,0.7228,-0.0311
DPPIV_inhibitory,accuracy,0.8459,0.8609,-0.015
NeuroPred,auc,0.9469,0.9239,0.023
NeuroPred,mcc,0.7814,0.8103,-0.0289
NeuroPred,accuracy,0.8907,0.9052,-0.0144
Quorum_sensing,auc,0.9725,0.99,-0.0175
Quorum_sensing,mcc,0.7,0.8511,-0.1511
Quorum_sensing,accuracy,0.85,0.925,-0.075
Signal_peptide,auc,0.9983,0.9979,0.0005
Signal_peptide,mcc,0.9824,0.9854,-0.0029
Signal_peptide,accuracy,0.9912,0.9927,-0.0015
TTCA,auc,0.7979,0.7735,0.0244
TTCA,mcc,0.4556,0.3828,0.0729
TTCA,accuracy,0.7513,0.7208,0.0305
Toxicity,auc,0.9623,0.9743,-0.0119
Toxicity,mcc,0.8474,0.825,0.0224
Toxicity,accuracy,0.9241,0.9121,0.0121
Umami,auc,0.9221,0.9128,0.0094
Umami,mcc,0.6289,0.6056,0.0234
Umami,accuracy,0.8427,0.8315,0.0112
