task,sigma2_mean,sigma2_sd
BBP,0.7027,0.0018
Umami,0.6094,0.0012
Quorum_sensing,0.5841,0.0008
Bitter,0.5451,0.0008
TTCA,0.5124,0.0036
Antimalarial_alt,0.4874,0.0019
Antioxidant,0.4605,0.0044
AntiMRSA,0.4498,0.0013
Anticancer,0.4267,0.0024
ACE_inhibitory,0.4256,0.004
DPPIV_inhibitory,0.4043,0.0008
Anticancer_alt,0.323,0.0007
Antiviral,0.322,0.005
Antifungal,0.3173,0.0005
Antimalarial,0.2937,0.002
NeuroPred,0.2865,0.0026
Anti_parasitic,0.2751,0.0022
Antibacterial,0.2431,0.0009
Toxicity,0.2374,0.0024
Antimicrobial,0.2132,0.0004
Signal_peptide,0.2012,0.0001
