task,n_matched,n_c0,n_new,max_abs_prob_diff
AntiMRSA,199,199,199,4.999e-05
Anticancer,344,344,344,4.968e-05
ACE_inhibitory,778,772,772,4.988e-05
Antioxidant,281,281,281,4.981e-05
Bitter,128,128,128,4.853e-05
Antimalarial,455,455,455,4.989e-05
Antimicrobial,8953,8953,8953,5e-05
Signal_peptide,1366,1366,1366,4.999e-05
Antifungal,430,430,430,4.993e-05
Antimalarial_alt,163,163,163,4.946e-05
Anticancer_alt,388,388,388,4.945e-05
Anti_parasitic,92,92,92,4.975e-05
Umami,89,89,89,4.97e-05
Quorum_sensing,40,40,40,4.739e-05
Antibacterial,3390,3390,3390,4.998e-05
NeuroPred,970,970,970,4.998e-05
Toxicity,580,580,580,4.998e-05
Antiviral,1246,1246,1246,4.999e-05
DPPIV_inhibitory,266,266,266,4.985e-05
BBP,38,38,38,4.834e-05
TTCA,201,197,197,4.998e-05
