task,n,n_pos,ACC,AUC,PR_AUC,MCC,Sn,Sp,BACC
AntiMRSA,199,30,0.995,0.9819,0.9749,0.9803,0.9667,1.0,0.9833
Anticancer,344,172,0.7355,0.8036,0.8176,0.476,0.8081,0.6628,0.7355
ACE_inhibitory,772,386,0.8031,0.8867,0.8824,0.6081,0.842,0.7642,0.8031
Antioxidant,281,135,0.7616,0.8326,0.8217,0.5234,0.7704,0.7534,0.7619
Bitter,128,64,0.8672,0.9619,0.9665,0.7345,0.8594,0.875,0.8672
Antimalarial,455,28,0.9736,0.9205,0.8239,0.7481,0.6429,0.9953,0.8191
Antimicrobial,8953,2584,0.9736,0.9844,0.9644,0.936,0.9586,0.9797,0.9692
Signal_peptide,1366,683,0.9927,0.9992,0.9989,0.9854,0.9941,0.9912,0.9927
Antifungal,430,215,0.9372,0.9902,0.9913,0.8745,0.9442,0.9302,0.9372
Antimalarial_alt,163,28,0.9816,0.9984,0.9929,0.9346,0.8929,1.0,0.9464
Anticancer_alt,388,194,0.9175,0.9676,0.972,0.8352,0.9072,0.9278,0.9175
Anti_parasitic,92,46,0.6522,0.7831,0.8162,0.3689,0.3696,0.9348,0.6522
Umami,89,28,0.8652,0.9268,0.8669,0.6822,0.75,0.918,0.834
Quorum_sensing,40,20,0.9,0.98,0.9832,0.8,0.9,0.9,0.9
Antibacterial,3390,1695,0.9431,0.9747,0.9762,0.8862,0.9369,0.9493,0.9431
NeuroPred,970,485,0.8835,0.9455,0.9489,0.7698,0.8412,0.9258,0.8835
Toxicity,580,269,0.9259,0.9657,0.9522,0.8526,0.948,0.9068,0.9274
Antiviral,1246,623,0.8403,0.9217,0.9277,0.6808,0.8283,0.8523,0.8403
DPPIV_inhibitory,266,133,0.8496,0.9456,0.9455,0.6993,0.8571,0.8421,0.8496
BBP,38,19,0.7632,0.903,0.9191,0.5661,0.5789,0.9474,0.7632
TTCA,197,122,0.7157,0.7808,0.8445,0.3941,0.7787,0.6133,0.696
