#,Database,Peptide category,URL for download,Author,Full reference
1,AAging Base,Anti-aging peptides,https://project.iith.ac.in/cgntlab/aagingbase/download.php,"Kumar et al., 2024","Kumar, A., Vinod Kumar, K., Sengupta, A., Kundal, K., Sharma, S., Pawar, A., Krishna, P.S., Alfatah, M., Ray, S., Tiwari, B. & Kumar, R. (2024). AagingBase: a comprehensive database of anti-aging peptides. Database, 2024."
2,AbAMPdb,Antibiofilm / antimicrobial peptides,https://abampdb.mgbio.tech/search/,"Anwer et al., 2024","Anwer, F., Navid, A., Faiz, F., Haider, U., Nasir, S., Farooq, M., Zahra, M., Bano, A., Bashir, H. H., Ahmad, M., Abbas, S. A., Room, S. E., Saeed, M. T., & Ali, A. (2024). AbAMPdb: a database of Acinetobacter baumannii specific antimicrobial peptides. Database, 2024, baae096."
3,AHTPDB,Antihypertensive peptides,https://webs.iiitd.edu.in/raghava/ahtpdb/download.php,"Kumar et al., 2015","Kumar, R., Chaudhary, K., Sharma, M., Nagpal, G., Chauhan, J.S., Singh, S., Gautam, A. & Raghava, G.P. (2015). AHTPDB: a comprehensive platform for analysis and presentation of antihypertensive peptides. Nucleic acids research, 43(D1), D956-D962."
4,AMP (AMPSphere),Antimicrobial peptides,https://ampsphere.big-data-biology.org/downloads,"Santos-Júnior et al., 2024","Santos-Júnior, C. D., Torres, M. D. T., Duan, Y., Rodríguez Del Río, Á., Schmidt, T. S. B., Chong, H., Fullam, A., Kuhn, M., Zhu, C., Houseman, A., Somborski, J., Vines, A., Zhao, X. M., Bork, P., Huerta-Cepas, J., de la Fuente-Nunez, C., & Coelho, L. P. (2024). Discovery of antimicrobial peptides in the global microbiome with machine learning. Cell, 187(14), 3761–3778.e16. https://doi.org/10.1016/j.cell.2024.05.013"
5,AMPDB,Antimicrobial peptides,https://bblserver.org.in/ampdb/ampdb-downloads,"Mondal et al., 2023","Mondal, R. K., Sen, D., Arya, A., & Samanta, S. K. (2023). Developing anti-microbial peptide database version 1 to provide comprehensive and exhaustive resource of manually curated AMPs. Scientific Reports, 13(1), 17843."
6,AntiCP 2.0,Anticancer peptides,https://webs.iiitd.edu.in/raghava/anticp2/download.php,"Agrawal et al., 2021","Agrawal, P., Bhagat, D., Mahalwal, M., Sharma, N., & Raghava, G. P. (2021). AntiCP 2.0: an updated model for predicting anticancer peptides. Briefings in bioinformatics, 22(3), bbaa153."
7,Antifp,Anti-inflammatory peptides,https://webs.iiitd.edu.in/raghava/antifp/algo.php,"Agrawal et al., 2018","Agrawal, P., Bhalla, S., Chaudhary, K., Kumar, R., Sharma, M., & Raghava, G. P. (2018). In silico approach for prediction of antifungal peptides. Frontiers in microbiology, 9, 323."
8,Antigenic Peptide DB,Antigenic / immunogenic peptides,https://caped.icp.ucl.ac.be/Peptide/list,"Vigneron et al., 2013","Vigneron, N., Stroobant, V., Van den Eynde, B. J., & van der Bruggen, P. (2013). Database of T cell-defined human tumor antigens: the 2013 update. Cancer immunity, 13(3), 15."
9,AODB,Antioxidant peptides,https://aodb.idruglab.cn/download,"Deng et al., 2023","Deng, W., Chen, Y., Sun, X., & Wang, L. (2023). AODB: A comprehensive database for antioxidants including small molecules, peptides and proteins. Food Chemistry, 418, 135992."
10,APD6,Antimicrobial peptides,https://aps.unmc.edu/database/result,"Wang et al., 2026","Wang, G., Schmidt, C., Li, X., & Wang, Z. (2026). APD6: the antimicrobial peptide database is expanded to promote research and development by deploying an unprecedented information pipeline. Nucleic Acids Research, 54(D1), D363-D374."
11,aSynPEP-DB,Alpha-synuclein interaction peptides,https://asynpepdb.ppmclab.com/download.html,"Pintado-Grima et al., 2023","Pintado-Grima, C., Bárcenas, O., Iglesias, V., Santos, J., Manglano-Artuñedo, Z., Pallarès, I., Burdukiewicz, M. & Ventura, S. (2023). aSynPEP-DB: a database of biogenic peptides for inhibiting α-synuclein aggregation. Database, 2023, baad084."
12,AVPdb,Antiviral peptides,http://crdd.osdd.net/servers/avpdb/dd.php,"Qureshi et al., 2014","Qureshi, A., Thakur, N., Tandon, H., & Kumar, M. (2014). AVPdb: a database of experimentally validated antiviral peptides targeting medically important viruses. Nucleic acids research, 42(D1), D1147-D1153."
13,B3Pdb,Blood-brain barrier peptides,https://webs.iiitd.edu.in/raghava/b3pdb/peplen.php,"Kumar et al., 2021","Kumar, V., Patiyal, S., Kumar, R., Sahai, S., Kaur, D., Lathwal, A., & Raghava, G. P. (2021). B3Pdb: an archive of blood–brain barrier-penetrating peptides. Brain Structure and Function, 226(8), 2489-2495."
14,BIOPEP-UWM,Food-derived bioactive peptides (multiple classes),https://biochemia.uwm.edu.pl/biopep-uwm/,"Minkiewicz et al., 2019","Minkiewicz, P., Iwaniak, A., & Darewicz, M. (2019). BIOPEP-UWM database of bioactive peptides: Current opportunities. International journal of molecular sciences, 20(23), 5978."
15,CancerPDF,Cancer-related peptides in body fluids,https://webs.iiitd.edu.in/raghava/cancerpdf/fluid.php,"Bhalla et al., 2017","Bhalla, S., Verma, R., Kaur, H., Kumar, R., Usmani, S. S., Sharma, S., & Raghava, G. P. (2017). CancerPDF: a repository of cancer-associated peptidome found in human biofluids. Scientific reports, 7(1), 1511."
16,CancerPPD 2.0,Anticancer peptides,https://webs.iiitd.edu.in/raghava/cancerppd2/browse_len.php,"Chauhan et al., 2025","Chauhan, M., Gupta, A., Tomer, R., & Raghava, G. P. (2025). CancerPPD2: an updated repository of anticancer peptides and proteins. Database, 2025, baaf030."
17,CPPsite 2.0,Cell-penetrating peptides,https://webs.iiitd.edu.in/raghava/cppsite/type.php,"Agrawal et al., 2016","Agrawal, P., Bhalla, S., Usmani, S. S., Singh, S., Chaudhary, K., Raghava, G. P., & Gautam, A. (2016). CPPsite 2.0: a repository of experimentally validated cell-penetrating peptides. Nucleic acids research, 44(D1), D1098-D1103."
18,CycPeptMPDB,Cyclic peptide membrane permeability,http://cycpeptmpdb.com/download/,"J. Li et al., 2023","Li, J., Yanagisawa, K., Sugita, M., Fujie, T., Ohue, M., & Akiyama, Y. (2023). CycPeptMPDB: a comprehensive database of membrane permeability of cyclic peptides. Journal of chemical information and modeling, 63(7), 2240-2250."
19,DADP,Anuran defence peptides,http://split4.pmfst.hr/dadp/?a=list,"Novković et al., 2012","Novković, M., Simunić, J., Bojović, V., Tossi, A., & Juretić, D. (2012). DADP: the database of anuran defense peptides. Bioinformatics, 28(10), 1406-1407."
20,DBAASP,Antimicrobial / antibiofilm peptides,https://dbaasp.org/search,"Pirtskhalava et al., 2021","Pirtskhalava, M., Amstrong, A.A., Grigolava, M., Chubinidze, M., Alimbarashvili, E., Vishnepolsky, B., Gabrielian, A., Rosenthal, A., Hurt, D.E. & Tartakovsky, M. (2021). DBAASP v3: database of antimicrobial/cytotoxic activity and structure of peptides as a resource for development of new therapeutics. Nucleic acids research, 49(D1), D288-D297."
21,dbAMP3,Antimicrobial peptides,https://awi.cuhk.edu.cn/dbAMP/download2024.php,"Yao et al., 2025","Yao, L., Guan, J., Xie, P., Chung, C.-R., Zhao, Z., Dong, D., Guo, Y., Zhang, W., Deng, J., Pang, Y., Liu, Y., Peng, Y., Horng, J.-T., Chiang, Y.-C., & Lee, T.-Y. (2025). dbAMP 3.0: updated resource of antimicrobial activity and structural annotation of peptides in the post-pandemic era. Nucleic Acids Research, 53(D1), D364-D376."
22,DCTPep,Drug combination therapy peptides,http://dctpep.cpu-bioinfor.org/downloads/,"Sun et al., 2024","Sun, X., Liu, Y., Ma, T., Zhu, N., Lao, X., & Zheng, H. (2024). DCTPep, the data of cancer therapy peptides. Scientific data, 11(1), 541."
23,DFBP,Food-derived bioactive peptides,http://www.cqudfbp.net/download/downloadList.jsp,"Qin et al., 2022","Qin, D., Bo, W., Zheng, X., Hao, Y., Li, B., Zheng, J., & Liang, G. (2022). DFBP: a comprehensive database of food-derived bioactive peptides for peptidomics research. Bioinformatics, 38(12), 3275-3280."
24,DRAMP 2,Antimicrobial peptides,http://dramp.cpu-bioinfor.org/downloads/,"Kang et al., 2019","Kang, X., Dong, F., Shi, C., Liu, S., Sun, J., Chen, J., Li, H., Xu, H., Lao, X. & Zheng, H. (2019). DRAMP 2.0, an updated data repository of antimicrobial peptides. Scientific data, 6(1), 148."
25,DRAVP,Antiviral peptides,http://dravp.cpu-bioinfor.org/downloads/,"Liu et al., 2023","Liu, Y., Zhu, Y., Sun, X., Ma, T., Lao, X., & Zheng, H. (2023). DRAVP: a comprehensive database of antiviral peptides and proteins. Viruses, 15(4), 820."
26,FermFooDB,Fermentation-derived food bioactive peptides,https://webs.iiitd.edu.in/raghava/fermfoodb/activity.php,"Chaudhary et al., 2021","Chaudhary, A., Bhalla, S., Patiyal, S., Raghava, G. P., & Sahni, G. (2021). FermFooDb: A database of bioactive peptides derived from fermented foods. Heliyon, 7(4)."
27,Hemo PI2,Hemolytic peptides,https://webs.iiitd.edu.in/raghava/hemopi2/download.html,"Rathore et al., 2025b","Rathore, A. S., Kumar, N., Choudhury, S., Mehta, N. K., & Raghava, G. P. (2025b). Prediction of hemolytic peptides and their hemolytic concentration. Communications Biology, 8(1), 176."
28,Hemolytik 2,Hemolytic peptides,https://webs.iiitd.edu.in/raghava/hemolytik2/peptide_type.html,"Singh et al., 2026","Singh, A., Sa, K. R., Rathore, A. S., & Raghava, G. P. (2026). Hemolytik 2: An Updated Database of Hemolytic Peptides and Proteins. Chemical Research in Toxicology, 39(2), 208-215."
29,HIPdb,HIV-inhibitory peptides,http://crdd.osdd.net/servers/hipdb/dd.php,"Qureshi et al., 2013","Qureshi, A., Thakur, N., & Kumar, M. (2013). HIPdb: a database of experimentally validated HIV inhibiting peptides. PloS one, 8(1), e54908."
30,Hmrbase2,Hormone peptides,https://webs.iiitd.edu.in/raghava/hmrbase2/category_pep_h.php,"Kaur et al., 2023","Kaur, D., Arora, A., Patiyal, S., & Raghava, G. P. S. (2023). Hmrbase2: a comprehensive database of hormones and their receptors. Hormones, 22(3), 359-366."
31,HORDB,Hormone and regulatory peptides,http://hordb.cpu-bioinfor.org/download.php,"Zhu et al., 2022","Zhu, N., Dong, F., Shi, G., Lao, X., & Zheng, H. (2022). HORDB a comprehensive database of peptide hormones. Scientific data, 9(1), 187."
32,miPepBase,microRNA-encoded peptides,http://proteininformatics.org/cgi-bin/mipepbase/key.pl,"Garg et al., 2017","Garg, A., Kumari, B., Kumar, R., & Kumar, M. (2017). miPepBase: a database of experimentally verified peptides involved in molecular mimicry. Frontiers in Microbiology, 8, 2053."
33,Nature paper (figshare),Comprehensive peptide dataset,https://doi.org/10.6084/m9.figshare.28691885,"Xiao et al., 2025","Xiao, B., Zhou, Y., Zhao, L., Huang, H., Fei, X., & Zhang, Y. B. (2025). A comprehensive dataset of therapeutic peptides on multi-function property and structure information. Scientific Data, 12(1), 1213."
34,NeuroPep 2,Neuropeptides,http://www.isyslab.info/NeuroPepV2/download.jsp,"Wang et al., 2024","Wang, M., Wang, L., Xu, W., Chu, Z., Wang, H., Lu, J., Xue, Z. & Wang, Y. (2024). NeuroPep 2.0: an updated database dedicated to neuropeptide and its receptor annotations. Journal of Molecular Biology, 436(4), 168416."
35,NTxPred2,Neurotoxic peptides,https://webs.iiitd.edu.in/raghava/ntxpred2/index.html,"Rathore et al., 2025a","Rathore, A. S., Jain, S., Choudhury, S., & Raghava, G. P. (2025a). A large language model for predicting neurotoxic peptides and neurotoxins. Protein Science, 34(8), e70200."
36,ParaPep,Antiparasitic peptides,http://crdd.osdd.net/raghava/parapep/nature.php,"Mehta et al., 2014","Mehta, D., Anand, P., Kumar, V., Joshi, A., Mathur, D., Singh, S., Tuknait, A., Chaudhary, K., Gautam, S.K., Gautam, A. & Varshney, G.C. (2014). ParaPep: a web resource for experimentally validated antiparasitic peptide sequences and their structures. Database, 2014, bau051."
37,PEPlab,General bioactive peptides,https://www.pep-lab.info/downloads,"Terziyski et al., 2023","Terziyski, Z., Terziyska, M., Deseva, I., Hadzhikoleva, S., Krastanov, A., Mihaylova, D., & Hadzhikolev, E. (2023). PepLab platform: Database and software tools for analysis of food-derived bioactive peptides. Applied Sciences, 13(2), 961."
38,SATPdb,Therapeutic peptides,https://webs.iiitd.edu.in/raghava/satpdb/down.php,"Singh et al., 2016","Singh, S., Chaudhary, K., Dhanda, S.K., Bhalla, S., Usmani, S.S., Gautam, A., Tuknait, A., Agrawal, P., Mathur, D. & Raghava, G.P. (2016). SATPdb: a database of structurally annotated therapeutic peptides. Nucleic acids research, 44(D1), D1119-D1126."
39,StraPep,Structurally annotated peptides,http://isyslab.info/StraPep/browse_class.php,"Wang et al., 2018","Wang, J., Yin, T., Xiao, X., He, D., Xue, Z., Jiang, X., & Wang, Y. (2018). StraPep: a structure database of bioactive peptides. Database, 2018, bay038."
40,TastePeptidesDB,"Taste-active peptides (bitter, umami, sweet)",http://tastepeptides-meta.com/TastePeptidesDB,"C. Li et al., 2023","Li, C., Hua, Y., Pan, D., Qi, L., Xiao, C., Xiong, Y., Lu, W., Dang, Y., Gao, X. & Zhao, Y. (2023). A rapid selection strategy for umami peptide screening based on machine learning and molecular docking. Food Chemistry, 404, 134562."
41,ThPDB2,Therapeutic peptides,https://webs.iiitd.edu.in/raghava/thpdb2/len.php,"Jain et al., 2024","Jain, S., Gupta, S., Patiyal, S., & Raghava, G. P. (2024). THPdb2: compilation of FDA approved therapeutic peptides and proteins. Drug Discovery Today, 29(7), 104047."
42,ToxinPred,Toxic peptides,https://webs.iiitd.edu.in/raghava/toxinpred/dataset.php,"Gupta et al., 2013","Gupta, S., Kapoor, P., Chaudhary, K., Gautam, A., Kumar, R., Open Source Drug Discovery Consortium, & Raghava, G. P. (2013). In silico approach for predicting toxicity of peptides and proteins. PloS one, 8(9), e73957."
43,TumorAgDB 2.0,Tumour antigen peptides,https://tumoragdb.com.cn/#/download,"Shao et al., 2025","Shao, Y., Gao, Y., Wu, L. Y., Ge, S. G., & Wen, P. B. (2025). TumorAgDB1. 0: tumor neoantigen database platform. Database, 2025, baaf010."
44,TumorHope2,Tumour-homing peptides,https://webs.iiitd.edu.in/raghava/tumorhope2/Download.php,"Kashyap et al., 2025","Kashyap, D., Gupta, D., Mehta, N. K., & Raghava, G. P. (2025). TumorHoPe2: An updated database for Tumor Homing Peptides. arXiv preprint arXiv:2505.20913."
45,TumorHPD,Tumour-homing peptides,https://webs.iiitd.edu.in/raghava/tumorhpd/down.php,"Sharma et al., 2013","Sharma, A., Kapoor, P., Gautam, A., Chaudhary, K., Kumar, R., Chauhan, J.S., Tyagi, A. & Raghava, G.P. (2013). Computational approach for designing tumor homing peptides. Scientific reports, 3(1), 1607."
46,WALTZ-DB 2.0,Amyloid-forming peptides,http://waltzdb.switchlab.org/sequences,"Louros et al., 2020","Louros, N., Konstantoulea, K., De Vleeschouwer, M., Ramakers, M., Schymkowitz, J., & Rousseau, F. (2020). WALTZ-DB 2.0: an updated database containing structural information of experimentally determined amyloid-forming peptides. Nucleic acids research, 48(D1), D389-D393."
47,Peptipeida,Comprehensive peptide dataset,https://app.peptipedia.cl/download,"Cabas-Mora et al., 2024","Cabas-Mora, G., Daza, A., Soto-García, N., Garrido, V., Alvarez, D., Navarrete, M., Sarmiento-Varón, L., Sepúlveda Yañez, J.H., Davari, M.D., Cadet, F. & Olivera-Nappa, Á. (2024). Peptipedia v2. 0: a peptide sequence database and user-friendly web platform. A major update. Database, 2024, baae113."
